order_id,payment_sequential,payment_type,payment_installments,payment_value
ord_0001,1,credit_card,3,106.63
ord_0001,2,credit_card,3,106.63
ord_0001,3,credit_card,3,106.63
ord_0002,1,credit_card,7,27.18
ord_0002,2,credit_card,7,27.18
ord_0002,3,credit_card,7,27.18
ord_0002,4,credit_card,7,27.18
ord_0002,5,credit_card,7,27.18
ord_0002,6,credit_card,7,27.18
ord_0002,7,credit_card,7,27.17
ord_0003,1,credit_card,8,103.81
ord_0003,2,voucher,8,103.81
ord_0003,3,debit_card,8,103.81
ord_0003,4,credit_card,8,103.81
ord_0003,5,voucher,8,103.81
ord_0003,6,credit_card,8,103.81
ord_0003,7,credit_card,8,103.81
ord_0003,8,boleto,8,103.79
ord_0004,1,credit_card,3,151.50
ord_0004,2,credit_card,3,151.50
ord_0004,3,credit_card,3,151.51
ord_0006,1,credit_card,2,214.72
ord_0006,2,credit_card,2,214.71
ord_0007,1,credit_card,7,239.26
ord_0007,2,credit_card,7,239.26
ord_0007,3,boleto,7,239.26
ord_0007,4,boleto,7,239.26
ord_0007,5,credit_card,7,239.26
ord_0007,6,boleto,7,239.26
ord_0007,7,voucher,7,239.24
ord_0008,1,credit_card,1,1730.26
ord_0009,1,credit_card,2,1254.25
ord_0009,2,boleto,2,1254.25
ord_0010,1,credit_card,2,554.86
ord_0010,2,debit_card,2,554.86
ord_0011,1,credit_card,6,66.59
ord_0011,2,credit_card,6,66.59
ord_0011,3,credit_card,6,66.59
ord_0011,4,debit_card,6,66.59
ord_0011,5,credit_card,6,66.59
ord_0011,6,credit_card,6,66.59
ord_0012,1,voucher,1,731.55
ord_0013,1,credit_card,2,168.72
ord_0013,2,credit_card,2,168.73
ord_0014,1,credit_card,1,170.41
ord_0015,1,voucher,1,80.17
ord_0016,1,debit_card,1,138.54
ord_0017,1,credit_card,8,7.55
ord_0017,2,voucher,8,7.55
ord_0017,3,credit_card,8,7.55
ord_0017,4,credit_card,8,7.55
ord_0017,5,credit_card,8,7.55
ord_0017,6,credit_card,8,7.55
ord_0017,7,boleto,8,7.55
ord_0017,8,credit_card,8,7.58
ord_0018,1,credit_card,10,1700.68
ord_0018,2,credit_card,10,1133.78
ord_0019,1,credit_card,1,1966.94
ord_0020,1,voucher,2,233.60
ord_0020,2,boleto,2,233.60
ord_0021,1,credit_card,1,270.17
ord_0023,1,debit_card,1,231.16
ord_0024,1,credit_card,1,2011.48
ord_0025,1,credit_card,5,15.47
ord_0025,2,credit_card,5,15.47
ord_0025,3,credit_card,5,15.47
ord_0025,4,credit_card,5,15.47
ord_0025,5,boleto,5,15.45
ord_0026,1,voucher,1,78.17
ord_0027,1,credit_card,1,1089.41
ord_0028,1,voucher,6,8.31
ord_0028,2,credit_card,6,8.31
ord_0028,3,debit_card,6,8.31
ord_0028,4,boleto,6,8.31
ord_0028,5,credit_card,6,8.31
ord_0028,6,credit_card,6,8.29
ord_0030,1,boleto,2,570.83
ord_0030,2,credit_card,2,570.83
ord_0031,1,credit_card,7,219.62
ord_0031,2,credit_card,7,219.62
ord_0031,3,boleto,7,219.62
ord_0031,4,credit_card,7,219.62
ord_0031,5,credit_card,7,219.62
ord_0031,6,credit_card,7,219.62
ord_0031,7,credit_card,7,219.63
ord_0032,1,credit_card,2,1428.96
ord_0032,2,credit_card,2,1428.97
ord_0034,1,debit_card,1,209.20
ord_0035,1,credit_card,6,848.07
ord_0035,2,voucher,6,848.07
ord_0035,3,credit_card,6,848.07
ord_0035,4,credit_card,6,848.07
ord_0035,5,credit_card,6,848.07
ord_0035,6,credit_card,6,848.08
ord_0036,1,credit_card,3,628.54
ord_0036,2,credit_card,3,628.54
ord_0036,3,credit_card,3,628.55
ord_0037,1,credit_card,1,208.58
ord_0038,1,boleto,2,113.61
ord_0038,2,voucher,2,113.62
ord_0039,1,voucher,1,1318.58
ord_0040,1,debit_card,1,657.14
ord_0041,1,credit_card,5,273.35
ord_0041,2,credit_card,5,273.35
ord_0041,3,boleto,5,273.35
ord_0041,4,credit_card,5,273.35
ord_0041,5,voucher,5,273.37
ord_0042,1,voucher,1,1099.08
ord_0043,1,credit_card,5,202.14
ord_0043,2,credit_card,5,202.14
ord_0043,3,credit_card,5,202.14
ord_0043,4,credit_card,5,202.14
ord_0043,5,credit_card,5,202.15
ord_0044,1,credit_card,1,387.08
ord_0045,1,credit_card,1,1179.15
ord_0046,1,credit_card,2,1135.49
ord_0046,2,credit_card,2,1135.49
ord_0047,1,credit_card,1,129.55
ord_0048,1,credit_card,1,226.41
ord_0049,1,credit_card,6,11.06
ord_0049,2,credit_card,6,11.06
ord_0049,3,voucher,6,11.06
ord_0049,4,debit_card,6,11.06
ord_0049,5,credit_card,6,11.06
ord_0049,6,credit_card,6,11.06
ord_0050,1,credit_card,3,71.37
ord_0050,2,credit_card,3,71.37
ord_0050,3,credit_card,3,71.36
ord_0051,1,credit_card,1,105.15
ord_0052,1,credit_card,3,759.40
ord_0052,2,credit_card,3,759.40
ord_0052,3,credit_card,3,759.41
ord_0053,1,debit_card,4,115.01
ord_0053,2,credit_card,4,115.01
ord_0053,3,credit_card,4,115.01
ord_0053,4,credit_card,4,115.00
ord_0054,1,boleto,2,90.40
ord_0054,2,voucher,2,90.40
ord_0055,1,credit_card,6,1704.33
ord_0055,2,credit_card,6,1136.22
ord_0056,1,boleto,1,449.54
ord_0058,1,credit_card,1,229.64
ord_0059,1,credit_card,1,1392.09
ord_0060,1,credit_card,1,246.32
ord_0061,1,credit_card,12,1289.90
ord_0061,2,credit_card,12,859.94
ord_0062,1,credit_card,1,519.65
ord_0063,1,credit_card,1,1661.09
ord_0065,1,boleto,2,266.82
ord_0065,2,credit_card,2,266.83
ord_0066,1,credit_card,1,381.99
ord_0067,1,credit_card,3,143.13
ord_0067,2,credit_card,3,143.13
ord_0067,3,credit_card,3,143.13
ord_0068,1,credit_card,5,248.05
ord_0068,2,debit_card,5,248.05
ord_0068,3,credit_card,5,248.05
ord_0068,4,voucher,5,248.05
ord_0068,5,credit_card,5,248.03
ord_0069,1,credit_card,3,656.94
ord_0069,2,voucher,3,656.94
ord_0069,3,credit_card,3,656.93
ord_0070,1,voucher,5,230.34
ord_0070,2,credit_card,5,230.34
ord_0070,3,credit_card,5,230.34
ord_0070,4,credit_card,5,230.34
ord_0070,5,credit_card,5,230.36
ord_0071,1,credit_card,2,518.04
ord_0071,2,credit_card,2,518.04
ord_0073,1,voucher,2,94.22
ord_0073,2,credit_card,2,94.22
ord_0074,1,credit_card,6,304.24
ord_0074,2,credit_card,6,304.24
ord_0074,3,credit_card,6,304.24
ord_0074,4,voucher,6,304.24
ord_0074,5,credit_card,6,304.24
ord_0074,6,credit_card,6,304.26
ord_0075,1,credit_card,1,1032.94
ord_0076,1,credit_card,3,1200.60
ord_0076,2,credit_card,3,1200.60
ord_0076,3,credit_card,3,1200.59
ord_0077,1,credit_card,6,250.31
ord_0077,2,credit_card,6,250.31
ord_0077,3,credit_card,6,250.31
ord_0077,4,credit_card,6,250.31
ord_0077,5,credit_card,6,250.31
ord_0077,6,credit_card,6,250.29
ord_0078,1,credit_card,1,1795.52
ord_0079,1,credit_card,1,280.83
ord_0080,1,credit_card,7,2766.68
ord_0080,2,credit_card,7,1844.46
ord_0081,1,credit_card,1,225.84
ord_0082,1,credit_card,1,248.14
ord_0083,1,credit_card,7,1887.26
ord_0083,2,credit_card,7,1258.18
ord_0084,1,voucher,2,143.59
ord_0084,2,credit_card,2,143.60
ord_0085,1,voucher,3,67.61
ord_0085,2,voucher,3,67.61
ord_0085,3,credit_card,3,67.60
ord_0086,1,credit_card,2,711.12
ord_0086,2,debit_card,2,711.11
ord_0087,1,voucher,3,431.42
ord_0087,2,debit_card,3,431.42
ord_0087,3,credit_card,3,431.42
ord_0088,1,debit_card,3,299.94
ord_0088,2,credit_card,3,299.94
ord_0088,3,credit_card,3,299.95
ord_0089,1,debit_card,1,109.85
ord_0090,1,credit_card,12,3315.70
ord_0090,2,credit_card,12,2210.47
ord_0091,1,credit_card,8,2369.69
ord_0091,2,credit_card,8,1579.79
ord_0092,1,boleto,1,95.88
ord_0094,1,credit_card,1,1562.06
ord_0095,1,debit_card,3,2135.21
ord_0095,2,credit_card,3,2135.21
ord_0095,3,debit_card,3,2135.21
ord_0096,1,credit_card,1,1509.27
ord_0097,1,voucher,6,135.14
ord_0097,2,credit_card,6,135.14
ord_0097,3,credit_card,6,135.14
ord_0097,4,credit_card,6,135.14
ord_0097,5,voucher,6,135.14
ord_0097,6,voucher,6,135.12
ord_0098,1,voucher,3,305.26
ord_0098,2,credit_card,3,305.26
ord_0098,3,credit_card,3,305.27
ord_0099,1,credit_card,4,658.81
ord_0099,2,debit_card,4,658.81
ord_0099,3,credit_card,4,658.81
ord_0099,4,credit_card,4,658.81
ord_0100,1,debit_card,1,394.14
ord_0101,1,credit_card,6,1854.59
ord_0101,2,credit_card,6,1236.39
ord_0102,1,credit_card,2,68.94
ord_0102,2,credit_card,2,68.95
ord_0103,1,boleto,1,1952.07
ord_0104,1,credit_card,1,652.67
ord_0105,1,credit_card,2,1477.59
ord_0105,2,credit_card,2,1477.58
ord_0106,1,voucher,5,232.75
ord_0106,2,credit_card,5,232.75
ord_0106,3,credit_card,5,232.75
ord_0106,4,voucher,5,232.75
ord_0106,5,credit_card,5,232.75
ord_0107,1,boleto,3,559.76
ord_0107,2,credit_card,3,559.76
ord_0107,3,credit_card,3,559.77
ord_0108,1,boleto,2,412.77
ord_0108,2,credit_card,2,412.78
ord_0109,1,credit_card,8,130.22
ord_0109,2,credit_card,8,130.22
ord_0109,3,credit_card,8,130.22
ord_0109,4,debit_card,8,130.22
ord_0109,5,credit_card,8,130.22
ord_0109,6,credit_card,8,130.22
ord_0109,7,credit_card,8,130.22
ord_0109,8,credit_card,8,130.25
ord_0110,1,debit_card,1,1458.37
ord_0111,1,voucher,3,81.08
ord_0111,2,credit_card,3,81.08
ord_0111,3,credit_card,3,81.08
ord_0112,1,boleto,2,499.28
ord_0112,2,credit_card,2,499.28
ord_0113,1,credit_card,1,106.29
ord_0114,1,credit_card,3,422.65
ord_0114,2,credit_card,3,422.65
ord_0114,3,credit_card,3,422.65
ord_0115,1,credit_card,2,493.44
ord_0115,2,credit_card,2,493.45
ord_0116,1,credit_card,8,247.98
ord_0116,2,credit_card,8,247.98
ord_0116,3,credit_card,8,247.98
ord_0116,4,boleto,8,247.98
ord_0116,5,credit_card,8,247.98
ord_0116,6,voucher,8,247.98
ord_0116,7,credit_card,8,247.98
ord_0116,8,credit_card,8,247.98
ord_0117,1,voucher,2,711.24
ord_0117,2,boleto,2,711.23
ord_0118,1,credit_card,3,767.39
ord_0118,2,credit_card,3,767.39
ord_0118,3,credit_card,3,767.38
ord_0119,1,credit_card,8,1829.03
ord_0119,2,credit_card,8,1219.35
ord_0120,1,boleto,1,302.50
ord_0121,1,credit_card,8,1461.40
ord_0121,2,credit_card,8,974.27
ord_0122,1,boleto,4,762.17
ord_0122,2,credit_card,4,762.17
ord_0122,3,credit_card,4,762.17
ord_0122,4,credit_card,4,762.19
ord_0123,1,credit_card,3,1119.40
ord_0123,2,voucher,3,1119.40
ord_0123,3,credit_card,3,1119.41
ord_0124,1,credit_card,1,1025.81
ord_0125,1,credit_card,1,1797.38
ord_0126,1,voucher,5,140.29
ord_0126,2,credit_card,5,140.29
ord_0126,3,credit_card,5,140.29
ord_0126,4,debit_card,5,140.29
ord_0126,5,boleto,5,140.27
ord_0127,1,voucher,8,209.25
ord_0127,2,credit_card,8,209.25
ord_0127,3,credit_card,8,209.25
ord_0127,4,credit_card,8,209.25
ord_0127,5,debit_card,8,209.25
ord_0127,6,credit_card,8,209.25
ord_0127,7,credit_card,8,209.25
ord_0127,8,credit_card,8,209.23
ord_0128,1,credit_card,1,1505.39
ord_0129,1,credit_card,1,278.72
ord_0130,1,credit_card,7,1588.25
ord_0130,2,credit_card,7,1058.83
ord_0131,1,credit_card,1,327.82
ord_0132,1,credit_card,3,143.12
ord_0132,2,credit_card,3,143.12
ord_0132,3,credit_card,3,143.13
ord_0133,1,voucher,2,716.96
ord_0133,2,debit_card,2,716.95
ord_0135,1,credit_card,3,73.50
ord_0135,2,credit_card,3,73.50
ord_0135,3,voucher,3,73.51
ord_0136,1,credit_card,4,105.09
ord_0136,2,voucher,4,105.09
ord_0136,3,credit_card,4,105.09
ord_0136,4,boleto,4,105.09
ord_0137,1,debit_card,1,971.48
ord_0138,1,credit_card,1,133.70
ord_0139,1,credit_card,1,1958.36
ord_0140,1,credit_card,8,27.82
ord_0140,2,debit_card,8,27.82
ord_0140,3,boleto,8,27.82
ord_0140,4,credit_card,8,27.82
ord_0140,5,boleto,8,27.82
ord_0140,6,credit_card,8,27.82
ord_0140,7,credit_card,8,27.82
ord_0140,8,debit_card,8,27.82
ord_0141,1,credit_card,3,269.66
ord_0141,2,credit_card,3,269.66
ord_0141,3,boleto,3,269.65
ord_0142,1,credit_card,11,1423.37
ord_0142,2,credit_card,11,948.92
ord_0143,1,debit_card,3,431.62
ord_0143,2,credit_card,3,431.62
ord_0143,3,voucher,3,431.62
ord_0144,1,credit_card,9,2230.70
ord_0144,2,credit_card,9,1487.14
ord_0145,1,voucher,1,1622.33
ord_0146,1,credit_card,1,1368.60
ord_0147,1,boleto,1,124.26
ord_0148,1,credit_card,1,1048.33
ord_0149,1,credit_card,8,2765.19
ord_0149,2,credit_card,8,1843.46
ord_0150,1,credit_card,3,97.09
ord_0150,2,credit_card,3,97.09
ord_0150,3,credit_card,3,97.10
ord_0151,1,credit_card,1,1896.67
ord_0152,1,voucher,7,136.35
ord_0152,2,voucher,7,136.35
ord_0152,3,credit_card,7,136.35
ord_0152,4,credit_card,7,136.35
ord_0152,5,credit_card,7,136.35
ord_0152,6,credit_card,7,136.35
ord_0152,7,credit_card,7,136.37
ord_0153,1,boleto,1,235.74
ord_0154,1,credit_card,4,705.52
ord_0154,2,credit_card,4,705.52
ord_0154,3,credit_card,4,705.52
ord_0154,4,credit_card,4,705.52
ord_0156,1,credit_card,1,1418.97
ord_0157,1,credit_card,1,1749.89
ord_0158,1,boleto,3,812.55
ord_0158,2,credit_card,3,812.55
ord_0158,3,credit_card,3,812.56
ord_0159,1,voucher,1,878.30
ord_0161,1,credit_card,1,303.40
ord_0162,1,voucher,2,229.63
ord_0162,2,credit_card,2,229.63
ord_0163,1,credit_card,1,243.75
ord_0164,1,credit_card,1,457.59
ord_0165,1,credit_card,3,575.28
ord_0165,2,boleto,3,575.28
ord_0165,3,credit_card,3,575.27
ord_0166,1,credit_card,7,102.95
ord_0166,2,credit_card,7,102.95
ord_0166,3,credit_card,7,102.95
ord_0166,4,credit_card,7,102.95
ord_0166,5,credit_card,7,102.95
ord_0166,6,voucher,7,102.95
ord_0166,7,credit_card,7,102.97
ord_0167,1,credit_card,1,282.09
ord_0168,1,credit_card,4,220.40
ord_0168,2,credit_card,4,220.40
ord_0168,3,voucher,4,220.40
ord_0168,4,credit_card,4,220.40
ord_0169,1,credit_card,1,1469.73
ord_0170,1,credit_card,6,171.67
ord_0170,2,credit_card,6,171.67
ord_0170,3,credit_card,6,171.67
ord_0170,4,credit_card,6,171.67
ord_0170,5,credit_card,6,171.67
ord_0170,6,credit_card,6,171.70
ord_0171,1,credit_card,5,80.62
ord_0171,2,credit_card,5,80.62
ord_0171,3,credit_card,5,80.62
ord_0171,4,debit_card,5,80.62
ord_0171,5,credit_card,5,80.62
ord_0172,1,credit_card,1,393.89
ord_0173,1,credit_card,8,162.69
ord_0173,2,credit_card,8,162.69
ord_0173,3,voucher,8,162.69
ord_0173,4,credit_card,8,162.69
ord_0173,5,debit_card,8,162.69
ord_0173,6,credit_card,8,162.69
ord_0173,7,boleto,8,162.69
ord_0173,8,credit_card,8,162.66
ord_0174,1,voucher,5,9.12
ord_0174,2,credit_card,5,9.12
ord_0174,3,credit_card,5,9.12
ord_0174,4,debit_card,5,9.12
ord_0174,5,credit_card,5,9.12
ord_0175,1,debit_card,3,449.28
ord_0175,2,debit_card,3,449.28
ord_0175,3,boleto,3,449.29
ord_0176,1,boleto,1,797.84
ord_0177,1,boleto,1,153.21
ord_0179,1,credit_card,2,191.15
ord_0179,2,debit_card,2,191.14
ord_0180,1,credit_card,7,199.08
ord_0180,2,boleto,7,199.08
ord_0180,3,credit_card,7,199.08
ord_0180,4,voucher,7,199.08
ord_0180,5,credit_card,7,199.08
ord_0180,6,debit_card,7,199.08
ord_0180,7,credit_card,7,199.08
ord_0181,1,debit_card,2,354.75
ord_0181,2,credit_card,2,354.75
ord_0182,1,credit_card,5,383.71
ord_0182,2,credit_card,5,383.71
ord_0182,3,credit_card,5,383.71
ord_0182,4,credit_card,5,383.71
ord_0182,5,credit_card,5,383.70
ord_0183,1,debit_card,1,715.94
ord_0184,1,credit_card,1,798.10
ord_0185,1,credit_card,1,282.74
ord_0186,1,credit_card,3,516.38
ord_0186,2,boleto,3,516.38
ord_0186,3,credit_card,3,516.39
ord_0187,1,debit_card,1,471.37
ord_0188,1,voucher,5,114.93
ord_0188,2,boleto,5,114.93
ord_0188,3,credit_card,5,114.93
ord_0188,4,credit_card,5,114.93
ord_0188,5,voucher,5,114.92
ord_0189,1,credit_card,2,132.72
ord_0189,2,credit_card,2,132.72
ord_0190,1,credit_card,1,706.45
ord_0191,1,credit_card,3,1260.05
ord_0191,2,credit_card,3,1260.05
ord_0191,3,credit_card,3,1260.06
ord_0192,1,credit_card,1,1868.19
ord_0193,1,boleto,1,1669.78
ord_0194,1,boleto,1,1807.81
ord_0195,1,credit_card,9,1344.98
ord_0195,2,credit_card,9,896.66
ord_0196,1,credit_card,1,478.11
ord_0197,1,credit_card,3,195.12
ord_0197,2,credit_card,3,195.12
ord_0197,3,voucher,3,195.13
ord_0198,1,boleto,3,67.48
ord_0198,2,credit_card,3,67.48
ord_0198,3,credit_card,3,67.49
ord_0199,1,credit_card,3,33.37
ord_0199,2,credit_card,3,33.37
ord_0199,3,credit_card,3,33.38
ord_0200,1,credit_card,2,2087.88
ord_0200,2,debit_card,2,2087.88
ord_0201,1,voucher,1,1788.43
ord_0202,1,credit_card,2,396.62
ord_0202,2,credit_card,2,396.61
ord_0203,1,credit_card,2,72.36
ord_0203,2,credit_card,2,72.35
ord_0204,1,debit_card,2,161.81
ord_0204,2,debit_card,2,161.82
ord_0205,1,voucher,1,1763.55
ord_0206,1,credit_card,1,91.62
ord_0208,1,debit_card,3,1034.60
ord_0208,2,credit_card,3,1034.60
ord_0208,3,credit_card,3,1034.59
ord_0209,1,credit_card,1,801.37
ord_0210,1,credit_card,8,1395.51
ord_0210,2,credit_card,8,930.34
ord_0211,1,credit_card,11,1685.35
ord_0211,2,credit_card,11,1123.56
ord_0212,1,credit_card,6,985.34
ord_0212,2,debit_card,6,985.34
ord_0212,3,credit_card,6,985.34
ord_0212,4,credit_card,6,985.34
ord_0212,5,credit_card,6,985.34
ord_0212,6,boleto,6,985.32
ord_0213,1,credit_card,8,113.49
ord_0213,2,voucher,8,113.49
ord_0213,3,credit_card,8,113.49
ord_0213,4,credit_card,8,113.49
ord_0213,5,boleto,8,113.49
ord_0213,6,credit_card,8,113.49
ord_0213,7,credit_card,8,113.49
ord_0213,8,debit_card,8,113.50
ord_0214,1,credit_card,2,387.91
ord_0214,2,credit_card,2,387.91
ord_0215,1,credit_card,4,773.03
ord_0215,2,credit_card,4,773.03
ord_0215,3,debit_card,4,773.03
ord_0215,4,credit_card,4,773.05
ord_0216,1,credit_card,2,478.47
ord_0216,2,boleto,2,478.47
ord_0217,1,credit_card,1,615.66
ord_0218,1,credit_card,2,18.78
ord_0218,2,credit_card,2,18.78
ord_0219,1,debit_card,1,1176.24
ord_0220,1,credit_card,6,2110.43
ord_0220,2,credit_card,6,1406.95
ord_0221,1,credit_card,3,324.20
ord_0221,2,credit_card,3,324.20
ord_0221,3,credit_card,3,324.21
ord_0222,1,credit_card,1,562.73
ord_0223,1,credit_card,1,165.47
ord_0224,1,credit_card,7,42.92
ord_0224,2,credit_card,7,42.92
ord_0224,3,credit_card,7,42.92
ord_0224,4,debit_card,7,42.92
ord_0224,5,debit_card,7,42.92
ord_0224,6,credit_card,7,42.92
ord_0224,7,credit_card,7,42.94
ord_0225,1,voucher,2,1208.98
ord_0225,2,credit_card,2,1208.99
ord_0226,1,credit_card,1,1729.89
ord_0227,1,credit_card,6,1324.45
ord_0227,2,credit_card,6,882.97
ord_0229,1,credit_card,1,1025.77
ord_0230,1,credit_card,4,332.04
ord_0230,2,voucher,4,332.04
ord_0230,3,credit_card,4,332.04
ord_0230,4,credit_card,4,332.05
ord_0231,1,boleto,1,192.38
ord_0232,1,credit_card,4,487.69
ord_0232,2,credit_card,4,487.69
ord_0232,3,credit_card,4,487.69
ord_0232,4,credit_card,4,487.70
ord_0233,1,credit_card,3,57.71
ord_0233,2,credit_card,3,57.71
ord_0233,3,credit_card,3,57.72
ord_0234,1,credit_card,2,1007.78
ord_0234,2,debit_card,2,1007.78
ord_0235,1,credit_card,1,367.45
ord_0236,1,boleto,1,607.46
ord_0237,1,credit_card,4,353.30
ord_0237,2,voucher,4,353.30
ord_0237,3,credit_card,4,353.30
ord_0237,4,credit_card,4,353.31
ord_0238,1,voucher,1,847.57
ord_0239,1,debit_card,8,284.70
ord_0239,2,credit_card,8,284.70
ord_0239,3,voucher,8,284.70
ord_0239,4,credit_card,8,284.70
ord_0239,5,credit_card,8,284.70
ord_0239,6,boleto,8,284.70
ord_0239,7,boleto,8,284.70
ord_0239,8,credit_card,8,284.74
ord_0241,1,credit_card,2,595.88
ord_0241,2,credit_card,2,595.89
ord_0242,1,credit_card,1,125.34
ord_0243,1,credit_card,1,1280.78
ord_0244,1,debit_card,7,813.65
ord_0244,2,credit_card,7,813.65
ord_0244,3,credit_card,7,813.65
ord_0244,4,credit_card,7,813.65
ord_0244,5,credit_card,7,813.65
ord_0244,6,debit_card,7,813.65
ord_0244,7,credit_card,7,813.67
ord_0245,1,credit_card,6,132.65
ord_0245,2,credit_card,6,132.65
ord_0245,3,credit_card,6,132.65
ord_0245,4,credit_card,6,132.65
ord_0245,5,credit_card,6,132.65
ord_0245,6,credit_card,6,132.66
ord_0246,1,debit_card,1,696.91
ord_0247,1,credit_card,1,300.00
ord_0248,1,debit_card,4,555.64
ord_0248,2,credit_card,4,555.64
ord_0248,3,boleto,4,555.64
ord_0248,4,voucher,4,555.64
ord_0249,1,credit_card,3,54.70
ord_0249,2,credit_card,3,54.70
ord_0249,3,credit_card,3,54.70
ord_0250,1,debit_card,1,767.14
ord_0251,1,credit_card,2,367.94
ord_0251,2,credit_card,2,367.95
ord_0252,1,debit_card,1,68.72
ord_0253,1,credit_card,3,67.31
ord_0253,2,debit_card,3,67.31
ord_0253,3,boleto,3,67.31
ord_0254,1,credit_card,6,630.03
ord_0254,2,credit_card,6,630.03
ord_0254,3,credit_card,6,630.03
ord_0254,4,voucher,6,630.03
ord_0254,5,credit_card,6,630.03
ord_0254,6,boleto,6,630.04
ord_0255,1,credit_card,5,48.90
ord_0255,2,credit_card,5,48.90
ord_0255,3,credit_card,5,48.90
ord_0255,4,credit_card,5,48.90
ord_0255,5,credit_card,5,48.89
ord_0256,1,credit_card,3,1229.41
ord_0256,2,boleto,3,1229.41
ord_0256,3,credit_card,3,1229.42
ord_0257,1,credit_card,5,39.59
ord_0257,2,credit_card,5,39.59
ord_0257,3,boleto,5,39.59
ord_0257,4,credit_card,5,39.59
ord_0257,5,voucher,5,39.58
ord_0258,1,debit_card,2,2428.53
ord_0258,2,boleto,2,2428.52
ord_0259,1,credit_card,2,1197.49
ord_0259,2,boleto,2,1197.49
ord_0260,1,credit_card,6,34.34
ord_0260,2,credit_card,6,34.34
ord_0260,3,credit_card,6,34.34
ord_0260,4,credit_card,6,34.34
ord_0260,5,debit_card,6,34.34
ord_0260,6,credit_card,6,34.37
ord_0261,1,debit_card,6,13.00
ord_0261,2,debit_card,6,13.00
ord_0261,3,credit_card,6,13.00
ord_0261,4,credit_card,6,13.00
ord_0261,5,credit_card,6,13.00
ord_0261,6,credit_card,6,13.00
ord_0262,1,boleto,1,1377.32
ord_0263,1,credit_card,1,1216.56
ord_0264,1,credit_card,2,1315.80
ord_0264,2,debit_card,2,1315.79
ord_0265,1,voucher,1,161.23
ord_0266,1,boleto,4,216.73
ord_0266,2,credit_card,4,216.73
ord_0266,3,debit_card,4,216.73
ord_0266,4,credit_card,4,216.74
ord_0267,1,credit_card,1,1419.03
ord_0268,1,voucher,3,483.27
ord_0268,2,credit_card,3,483.27
ord_0268,3,credit_card,3,483.27
ord_0269,1,boleto,1,1329.10
ord_0271,1,credit_card,1,386.88
ord_0272,1,boleto,3,26.30
ord_0272,2,credit_card,3,26.30
ord_0272,3,credit_card,3,26.29
ord_0273,1,boleto,3,786.93
ord_0273,2,debit_card,3,786.93
ord_0273,3,credit_card,3,786.92
ord_0274,1,debit_card,2,28.46
ord_0274,2,debit_card,2,28.46
ord_0276,1,boleto,4,37.13
ord_0276,2,credit_card,4,37.13
ord_0276,3,credit_card,4,37.13
ord_0276,4,credit_card,4,37.14
ord_0277,1,voucher,1,239.90
ord_0278,1,boleto,3,9.82
ord_0278,2,credit_card,3,9.82
ord_0278,3,credit_card,3,9.83
ord_0279,1,credit_card,7,127.25
ord_0279,2,debit_card,7,127.25
ord_0279,3,credit_card,7,127.25
ord_0279,4,credit_card,7,127.25
ord_0279,5,voucher,7,127.25
ord_0279,6,credit_card,7,127.25
ord_0279,7,boleto,7,127.23
ord_0280,1,credit_card,1,1411.14
ord_0281,1,credit_card,9,2027.56
ord_0281,2,credit_card,9,1351.71
ord_0282,1,credit_card,10,2613.28
ord_0282,2,credit_card,10,1742.18
ord_0283,1,credit_card,2,56.23
ord_0283,2,credit_card,2,56.22
ord_0284,1,debit_card,6,364.69
ord_0284,2,credit_card,6,364.69
ord_0284,3,boleto,6,364.69
ord_0284,4,credit_card,6,364.69
ord_0284,5,voucher,6,364.69
ord_0284,6,boleto,6,364.72
ord_0285,1,credit_card,12,2210.83
ord_0285,2,credit_card,12,1473.89
ord_0286,1,credit_card,1,1651.92
ord_0287,1,credit_card,2,61.95
ord_0287,2,credit_card,2,61.95
ord_0288,1,credit_card,6,1691.16
ord_0288,2,credit_card,6,1127.44
ord_0289,1,credit_card,2,104.56
ord_0289,2,credit_card,2,104.56
ord_0290,1,debit_card,1,58.64
ord_0291,1,credit_card,8,429.40
ord_0291,2,credit_card,8,429.40
ord_0291,3,credit_card,8,429.40
ord_0291,4,boleto,8,429.40
ord_0291,5,boleto,8,429.40
ord_0291,6,credit_card,8,429.40
ord_0291,7,debit_card,8,429.40
ord_0291,8,credit_card,8,429.39
ord_0292,1,voucher,1,887.78
ord_0294,1,credit_card,2,173.46
ord_0294,2,credit_card,2,173.45
ord_0295,1,credit_card,1,316.63
ord_0296,1,credit_card,1,1074.02
ord_0297,1,debit_card,1,401.98
ord_0298,1,voucher,1,193.84
ord_0299,1,credit_card,1,86.45
ord_0300,1,credit_card,4,24.03
ord_0300,2,credit_card,4,24.03
ord_0300,3,voucher,4,24.03
ord_0300,4,voucher,4,24.03
ord_0301,1,credit_card,1,1088.85
ord_0302,1,credit_card,1,16.09
ord_0304,1,credit_card,10,1433.95
ord_0304,2,credit_card,10,955.96
ord_0305,1,credit_card,2,816.55
ord_0305,2,credit_card,2,816.56
ord_0306,1,credit_card,3,46.75
ord_0306,2,credit_card,3,46.75
ord_0306,3,debit_card,3,46.76
ord_0307,1,credit_card,6,123.19
ord_0307,2,credit_card,6,123.19
ord_0307,3,credit_card,6,123.19
ord_0307,4,voucher,6,123.19
ord_0307,5,credit_card,6,123.19
ord_0307,6,credit_card,6,123.21
ord_0308,1,credit_card,1,71.36
ord_0309,1,credit_card,3,894.32
ord_0309,2,credit_card,3,894.32
ord_0309,3,credit_card,3,894.31
ord_0310,1,credit_card,12,2158.77
ord_0310,2,credit_card,12,1439.18
ord_0311,1,credit_card,2,258.07
ord_0311,2,boleto,2,258.07
ord_0312,1,credit_card,9,2058.86
ord_0312,2,credit_card,9,1372.58
ord_0313,1,credit_card,1,304.44
ord_0314,1,voucher,5,22.34
ord_0314,2,credit_card,5,22.34
ord_0314,3,debit_card,5,22.34
ord_0314,4,debit_card,5,22.34
ord_0314,5,debit_card,5,22.35
ord_0315,1,debit_card,1,237.41
ord_0316,1,boleto,6,172.00
ord_0316,2,credit_card,6,172.00
ord_0316,3,credit_card,6,172.00
ord_0316,4,credit_card,6,172.00
ord_0316,5,credit_card,6,172.00
ord_0316,6,debit_card,6,171.99
ord_0317,1,credit_card,1,389.51
ord_0318,1,voucher,2,26.02
ord_0318,2,credit_card,2,26.01
ord_0319,1,credit_card,3,38.10
ord_0319,2,credit_card,3,38.10
ord_0319,3,debit_card,3,38.09
ord_0320,1,credit_card,6,1678.26
ord_0320,2,credit_card,6,1118.84
ord_0321,1,credit_card,1,812.05
ord_0322,1,credit_card,1,1729.41
ord_0323,1,voucher,1,1294.64
ord_0324,1,credit_card,2,236.63
ord_0324,2,credit_card,2,236.64
ord_0325,1,debit_card,2,266.52
ord_0325,2,boleto,2,266.52
ord_0326,1,credit_card,2,701.73
ord_0326,2,credit_card,2,701.72
ord_0327,1,credit_card,8,1360.84
ord_0327,2,credit_card,8,907.23
ord_0328,1,debit_card,3,349.27
ord_0328,2,voucher,3,349.27
ord_0328,3,credit_card,3,349.27
ord_0329,1,debit_card,3,151.54
ord_0329,2,credit_card,3,151.54
ord_0329,3,credit_card,3,151.55
ord_0330,1,debit_card,1,1314.85
ord_0331,1,credit_card,1,227.11
ord_0332,1,credit_card,11,2204.77
ord_0332,2,credit_card,11,1469.84
ord_0333,1,credit_card,6,1358.05
ord_0333,2,credit_card,6,905.36
ord_0334,1,boleto,2,518.38
ord_0334,2,credit_card,2,518.37
ord_0335,1,credit_card,1,776.21
ord_0336,1,credit_card,12,1891.81
ord_0336,2,credit_card,12,1261.21
ord_0337,1,debit_card,2,930.37
ord_0337,2,credit_card,2,930.36
ord_0338,1,credit_card,11,2575.27
ord_0338,2,credit_card,11,1716.85
ord_0339,1,credit_card,2,288.56
ord_0339,2,credit_card,2,288.56
ord_0340,1,credit_card,1,446.32
ord_0341,1,credit_card,4,351.92
ord_0341,2,credit_card,4,351.92
ord_0341,3,credit_card,4,351.92
ord_0341,4,credit_card,4,351.90
ord_0342,1,boleto,3,314.88
ord_0342,2,credit_card,3,314.88
ord_0342,3,credit_card,3,314.88
ord_0343,1,boleto,2,1093.26
ord_0343,2,boleto,2,1093.25
ord_0344,1,credit_card,1,511.82
ord_0345,1,boleto,2,3956.68
ord_0345,2,credit_card,2,3956.69
ord_0346,1,credit_card,6,140.66
ord_0346,2,debit_card,6,140.66
ord_0346,3,credit_card,6,140.66
ord_0346,4,debit_card,6,140.66
ord_0346,5,credit_card,6,140.66
ord_0346,6,credit_card,6,140.64
ord_0347,1,credit_card,1,72.28
ord_0348,1,credit_card,7,221.04
ord_0348,2,credit_card,7,221.04
ord_0348,3,credit_card,7,221.04
ord_0348,4,debit_card,7,221.04
ord_0348,5,boleto,7,221.04
ord_0348,6,voucher,7,221.04
ord_0348,7,debit_card,7,221.07
ord_0349,1,credit_card,11,2122.19
ord_0349,2,credit_card,11,1414.80
ord_0350,1,credit_card,1,1604.50
ord_0351,1,credit_card,6,73.22
ord_0351,2,credit_card,6,73.22
ord_0351,3,credit_card,6,73.22
ord_0351,4,credit_card,6,73.22
ord_0351,5,credit_card,6,73.22
ord_0351,6,debit_card,6,73.22
ord_0352,1,credit_card,1,385.27
ord_0353,1,boleto,2,388.21
ord_0353,2,credit_card,2,388.22
ord_0356,1,credit_card,3,81.57
ord_0356,2,voucher,3,81.57
ord_0356,3,credit_card,3,81.57
ord_0357,1,credit_card,3,1198.98
ord_0357,2,credit_card,3,1198.98
ord_0357,3,boleto,3,1198.97
ord_0358,1,credit_card,1,123.13
ord_0359,1,credit_card,1,1182.35
ord_0360,1,credit_card,4,215.36
ord_0360,2,credit_card,4,215.36
ord_0360,3,credit_card,4,215.36
ord_0360,4,credit_card,4,215.35
ord_0362,1,credit_card,2,230.62
ord_0362,2,credit_card,2,230.63
ord_0363,1,credit_card,8,1428.58
ord_0363,2,credit_card,8,952.38
ord_0364,1,credit_card,4,964.00
ord_0364,2,credit_card,4,964.00
ord_0364,3,boleto,4,964.00
ord_0364,4,voucher,4,964.01
ord_0365,1,credit_card,1,1774.00
ord_0366,1,credit_card,1,575.89
ord_0367,1,credit_card,2,60.67
ord_0367,2,credit_card,2,60.67
ord_0368,1,credit_card,4,84.59
ord_0368,2,credit_card,4,84.59
ord_0368,3,credit_card,4,84.59
ord_0368,4,debit_card,4,84.61
ord_0369,1,voucher,2,943.67
ord_0369,2,credit_card,2,943.67
ord_0371,1,credit_card,7,1310.74
ord_0371,2,credit_card,7,873.82
ord_0372,1,credit_card,8,2541.60
ord_0372,2,credit_card,8,1694.40
ord_0373,1,credit_card,1,230.48
ord_0374,1,credit_card,1,2006.92
ord_0375,1,credit_card,1,2118.47
ord_0376,1,credit_card,1,194.70
ord_0378,1,boleto,2,83.59
ord_0378,2,credit_card,2,83.60
ord_0379,1,voucher,1,217.92
ord_0380,1,credit_card,1,778.51
ord_0381,1,credit_card,1,152.48
ord_0382,1,credit_card,1,356.90
ord_0383,1,credit_card,10,1736.93
ord_0383,2,credit_card,10,1157.95
ord_0384,1,credit_card,3,408.73
ord_0384,2,credit_card,3,408.73
ord_0384,3,credit_card,3,408.72
ord_0385,1,credit_card,3,83.60
ord_0385,2,credit_card,3,83.60
ord_0385,3,credit_card,3,83.59
ord_0386,1,credit_card,1,180.61
ord_0387,1,credit_card,6,1277.12
ord_0387,2,credit_card,6,851.42
ord_0388,1,credit_card,1,1974.27
ord_0389,1,credit_card,1,464.98
ord_0390,1,credit_card,1,949.34
ord_0391,1,voucher,4,47.34
ord_0391,2,credit_card,4,47.34
ord_0391,3,boleto,4,47.34
ord_0391,4,credit_card,4,47.34
ord_0392,1,credit_card,1,530.61
ord_0393,1,boleto,3,744.19
ord_0393,2,credit_card,3,744.19
ord_0393,3,boleto,3,744.18
ord_0394,1,credit_card,2,95.94
ord_0394,2,credit_card,2,95.94
ord_0395,1,voucher,4,25.64
ord_0395,2,credit_card,4,25.64
ord_0395,3,voucher,4,25.64
ord_0395,4,credit_card,4,25.62
ord_0396,1,voucher,1,310.34
ord_0397,1,credit_card,6,137.15
ord_0397,2,debit_card,6,137.15
ord_0397,3,voucher,6,137.15
ord_0397,4,credit_card,6,137.15
ord_0397,5,credit_card,6,137.15
ord_0397,6,credit_card,6,137.17
ord_0398,1,boleto,1,776.67
ord_0399,1,credit_card,12,1403.39
ord_0399,2,credit_card,12,935.60
ord_0400,1,boleto,1,158.84
ord_0401,1,credit_card,1,1352.14
ord_0402,1,credit_card,3,1189.44
ord_0402,2,boleto,3,1189.44
ord_0402,3,credit_card,3,1189.44
ord_0403,1,credit_card,3,43.02
ord_0403,2,credit_card,3,43.02
ord_0403,3,credit_card,3,43.02
ord_0404,1,credit_card,3,58.37
ord_0404,2,credit_card,3,58.37
ord_0404,3,voucher,3,58.36
ord_0405,1,debit_card,1,616.54
ord_0406,1,debit_card,1,236.70
ord_0407,1,boleto,1,409.97
ord_0408,1,credit_card,1,150.54
ord_0409,1,credit_card,4,149.19
ord_0409,2,debit_card,4,149.19
ord_0409,3,credit_card,4,149.19
ord_0409,4,voucher,4,149.19
ord_0410,1,debit_card,3,311.73
ord_0410,2,credit_card,3,311.73
ord_0410,3,credit_card,3,311.73
ord_0411,1,credit_card,7,414.80
ord_0411,2,credit_card,7,414.80
ord_0411,3,voucher,7,414.80
ord_0411,4,credit_card,7,414.80
ord_0411,5,credit_card,7,414.80
ord_0411,6,credit_card,7,414.80
ord_0411,7,debit_card,7,414.82
ord_0412,1,credit_card,3,153.98
ord_0412,2,credit_card,3,153.98
ord_0412,3,credit_card,3,153.97
ord_0413,1,voucher,6,46.16
ord_0413,2,credit_card,6,46.16
ord_0413,3,credit_card,6,46.16
ord_0413,4,voucher,6,46.16
ord_0413,5,credit_card,6,46.16
ord_0413,6,voucher,6,46.16
ord_0414,1,debit_card,1,234.03
ord_0415,1,credit_card,2,287.46
ord_0415,2,credit_card,2,287.46
ord_0416,1,credit_card,4,428.61
ord_0416,2,credit_card,4,428.61
ord_0416,3,credit_card,4,428.61
ord_0416,4,credit_card,4,428.59
ord_0417,1,voucher,1,1810.36
ord_0418,1,credit_card,6,1560.13
ord_0418,2,credit_card,6,1040.08
ord_0419,1,boleto,7,112.11
ord_0419,2,credit_card,7,112.11
ord_0419,3,credit_card,7,112.11
ord_0419,4,credit_card,7,112.11
ord_0419,5,credit_card,7,112.11
ord_0419,6,credit_card,7,112.11
ord_0419,7,credit_card,7,112.11
ord_0420,1,credit_card,3,42.90
ord_0420,2,credit_card,3,42.90
ord_0420,3,credit_card,3,42.89
ord_0421,1,voucher,1,1982.35
ord_0422,1,credit_card,1,1064.41
ord_0423,1,debit_card,1,186.66
ord_0424,1,credit_card,1,1848.10
ord_0425,1,voucher,3,113.75
ord_0425,2,credit_card,3,113.75
ord_0425,3,credit_card,3,113.75
ord_0426,1,credit_card,11,2601.47
ord_0426,2,credit_card,11,1734.31
ord_0427,1,debit_card,1,183.47
ord_0428,1,credit_card,1,108.68
ord_0429,1,credit_card,3,517.16
ord_0429,2,credit_card,3,517.16
ord_0429,3,credit_card,3,517.16
ord_0430,1,credit_card,2,21.27
ord_0430,2,credit_card,2,21.28
ord_0431,1,credit_card,3,776.33
ord_0431,2,debit_card,3,776.33
ord_0431,3,boleto,3,776.33
ord_0432,1,credit_card,1,231.27
ord_0433,1,boleto,1,371.19
ord_0435,1,credit_card,1,632.37
ord_0436,1,credit_card,5,8.20
ord_0436,2,credit_card,5,8.20
ord_0436,3,credit_card,5,8.20
ord_0436,4,boleto,5,8.20
ord_0436,5,voucher,5,8.19
ord_0437,1,debit_card,7,30.54
ord_0437,2,voucher,7,30.54
ord_0437,3,credit_card,7,30.54
ord_0437,4,voucher,7,30.54
ord_0437,5,credit_card,7,30.54
ord_0437,6,credit_card,7,30.54
ord_0437,7,credit_card,7,30.51
ord_0438,1,credit_card,2,1181.44
ord_0438,2,credit_card,2,1181.45
ord_0439,1,credit_card,6,2358.33
ord_0439,2,credit_card,6,1572.22
ord_0440,1,credit_card,10,2663.99
ord_0440,2,credit_card,10,1775.99
ord_0441,1,credit_card,3,22.80
ord_0441,2,credit_card,3,22.80
ord_0441,3,boleto,3,22.79
ord_0442,1,credit_card,1,764.46
ord_0443,1,credit_card,6,299.12
ord_0443,2,credit_card,6,299.12
ord_0443,3,credit_card,6,299.12
ord_0443,4,boleto,6,299.12
ord_0443,5,credit_card,6,299.12
ord_0443,6,debit_card,6,299.10
ord_0445,1,credit_card,1,348.74
ord_0446,1,boleto,1,1246.27
ord_0447,1,debit_card,1,102.29
ord_0449,1,credit_card,1,678.93
ord_0450,1,credit_card,1,412.19
ord_0451,1,credit_card,8,37.62
ord_0451,2,credit_card,8,37.62
ord_0451,3,boleto,8,37.62
ord_0451,4,credit_card,8,37.62
ord_0451,5,credit_card,8,37.62
ord_0451,6,debit_card,8,37.62
ord_0451,7,credit_card,8,37.62
ord_0451,8,credit_card,8,37.64
ord_0452,1,credit_card,1,1221.67
ord_0453,1,credit_card,5,215.07
ord_0453,2,credit_card,5,215.07
ord_0453,3,credit_card,5,215.07
ord_0453,4,credit_card,5,215.07
ord_0453,5,credit_card,5,215.05
ord_0454,1,credit_card,4,201.22
ord_0454,2,credit_card,4,201.22
ord_0454,3,credit_card,4,201.22
ord_0454,4,boleto,4,201.21
ord_0455,1,credit_card,8,2138.64
ord_0455,2,credit_card,8,1425.76
ord_0456,1,credit_card,1,887.88
ord_0457,1,voucher,6,51.76
ord_0457,2,voucher,6,51.76
ord_0457,3,credit_card,6,51.76
ord_0457,4,debit_card,6,51.76
ord_0457,5,voucher,6,51.76
ord_0457,6,credit_card,6,51.78
ord_0458,1,voucher,1,266.85
ord_0459,1,credit_card,1,896.03
ord_0461,1,credit_card,1,1917.66
ord_0462,1,credit_card,9,1484.68
ord_0462,2,credit_card,9,989.78
ord_0463,1,credit_card,4,841.75
ord_0463,2,credit_card,4,841.75
ord_0463,3,credit_card,4,841.75
ord_0463,4,debit_card,4,841.76
ord_0464,1,debit_card,7,377.89
ord_0464,2,credit_card,7,377.89
ord_0464,3,credit_card,7,377.89
ord_0464,4,credit_card,7,377.89
ord_0464,5,debit_card,7,377.89
ord_0464,6,credit_card,7,377.89
ord_0464,7,voucher,7,377.90
ord_0465,1,credit_card,6,3193.34
ord_0465,2,credit_card,6,2128.90
ord_0466,1,credit_card,4,232.24
ord_0466,2,credit_card,4,232.24
ord_0466,3,boleto,4,232.24
ord_0466,4,boleto,4,232.25
ord_0467,1,credit_card,2,1172.06
ord_0467,2,credit_card,2,1172.05
ord_0468,1,credit_card,4,342.32
ord_0468,2,credit_card,4,342.32
ord_0468,3,credit_card,4,342.32
ord_0468,4,debit_card,4,342.34
ord_0469,1,credit_card,1,1252.10
ord_0470,1,credit_card,2,276.41
ord_0470,2,credit_card,2,276.41
ord_0471,1,voucher,1,1321.12
ord_0472,1,credit_card,1,1401.58
ord_0473,1,credit_card,3,21.90
ord_0473,2,credit_card,3,21.90
ord_0473,3,credit_card,3,21.91
ord_0474,1,credit_card,1,675.67
ord_0475,1,credit_card,2,419.78
ord_0475,2,credit_card,2,419.78
ord_0476,1,credit_card,1,268.17
ord_0477,1,credit_card,4,111.28
ord_0477,2,credit_card,4,111.28
ord_0477,3,boleto,4,111.28
ord_0477,4,credit_card,4,111.30
ord_0478,1,debit_card,2,2272.12
ord_0478,2,debit_card,2,2272.13
ord_0479,1,credit_card,1,532.03
ord_0480,1,credit_card,1,234.17
ord_0481,1,credit_card,12,1642.93
ord_0481,2,credit_card,12,1095.29
ord_0482,1,credit_card,1,1003.75
ord_0483,1,credit_card,5,129.40
ord_0483,2,credit_card,5,129.40
ord_0483,3,voucher,5,129.40
ord_0483,4,boleto,5,129.40
ord_0483,5,credit_card,5,129.40
ord_0484,1,credit_card,2,147.47
ord_0484,2,credit_card,2,147.48
ord_0486,1,credit_card,7,398.53
ord_0486,2,voucher,7,398.53
ord_0486,3,credit_card,7,398.53
ord_0486,4,credit_card,7,398.53
ord_0486,5,voucher,7,398.53
ord_0486,6,credit_card,7,398.53
ord_0486,7,voucher,7,398.50
ord_0487,1,credit_card,9,2174.68
ord_0487,2,credit_card,9,1449.78
ord_0488,1,credit_card,6,30.28
ord_0488,2,credit_card,6,30.28
ord_0488,3,voucher,6,30.28
ord_0488,4,boleto,6,30.28
ord_0488,5,credit_card,6,30.28
ord_0488,6,debit_card,6,30.25
ord_0489,1,credit_card,5,14.66
ord_0489,2,credit_card,5,14.66
ord_0489,3,credit_card,5,14.66
ord_0489,4,credit_card,5,14.66
ord_0489,5,credit_card,5,14.67
ord_0490,1,credit_card,4,795.78
ord_0490,2,credit_card,4,795.78
ord_0490,3,credit_card,4,795.78
ord_0490,4,credit_card,4,795.80
ord_0491,1,debit_card,1,472.29
ord_0492,1,credit_card,2,26.59
ord_0492,2,credit_card,2,26.58
ord_0493,1,credit_card,4,376.59
ord_0493,2,credit_card,4,376.59
ord_0493,3,credit_card,4,376.59
ord_0493,4,credit_card,4,376.59
ord_0494,1,debit_card,1,127.24
ord_0495,1,boleto,8,100.16
ord_0495,2,boleto,8,100.16
ord_0495,3,voucher,8,100.16
ord_0495,4,credit_card,8,100.16
ord_0495,5,credit_card,8,100.16
ord_0495,6,credit_card,8,100.16
ord_0495,7,boleto,8,100.16
ord_0495,8,boleto,8,100.16
ord_0498,1,credit_card,9,1689.31
ord_0498,2,credit_card,9,1126.21
ord_0499,1,credit_card,5,53.84
ord_0499,2,credit_card,5,53.84
ord_0499,3,credit_card,5,53.84
ord_0499,4,voucher,5,53.84
ord_0499,5,voucher,5,53.86
ord_0500,1,debit_card,1,231.87
ord_0501,1,credit_card,1,130.59
ord_0503,1,credit_card,10,1310.12
ord_0503,2,credit_card,10,873.42
ord_0504,1,voucher,3,702.32
ord_0504,2,credit_card,3,702.32
ord_0504,3,credit_card,3,702.31
ord_0505,1,credit_card,1,161.63
ord_0506,1,credit_card,1,63.69
ord_0507,1,credit_card,3,30.22
ord_0507,2,credit_card,3,30.22
ord_0507,3,credit_card,3,30.23
ord_0508,1,credit_card,5,508.69
ord_0508,2,credit_card,5,508.69
ord_0508,3,boleto,5,508.69
ord_0508,4,credit_card,5,508.69
ord_0508,5,credit_card,5,508.71
ord_0509,1,credit_card,3,417.04
ord_0509,2,credit_card,3,417.04
ord_0509,3,voucher,3,417.03
ord_0510,1,boleto,6,221.12
ord_0510,2,voucher,6,221.12
ord_0510,3,voucher,6,221.12
ord_0510,4,credit_card,6,221.12
ord_0510,5,credit_card,6,221.12
ord_0510,6,credit_card,6,221.13
ord_0511,1,credit_card,2,54.87
ord_0511,2,credit_card,2,54.87
ord_0512,1,boleto,1,229.58
ord_0513,1,voucher,6,310.01
ord_0513,2,credit_card,6,310.01
ord_0513,3,credit_card,6,310.01
ord_0513,4,credit_card,6,310.01
ord_0513,5,credit_card,6,310.01
ord_0513,6,voucher,6,310.01
ord_0514,1,credit_card,3,942.96
ord_0514,2,credit_card,3,942.96
ord_0514,3,debit_card,3,942.97
ord_0515,1,credit_card,5,198.65
ord_0515,2,credit_card,5,198.65
ord_0515,3,credit_card,5,198.65
ord_0515,4,debit_card,5,198.65
ord_0515,5,credit_card,5,198.63
ord_0516,1,credit_card,7,284.95
ord_0516,2,credit_card,7,284.95
ord_0516,3,credit_card,7,284.95
ord_0516,4,boleto,7,284.95
ord_0516,5,credit_card,7,284.95
ord_0516,6,credit_card,7,284.95
ord_0516,7,boleto,7,284.96
ord_0517,1,voucher,1,175.68
ord_0518,1,credit_card,1,1029.35
ord_0519,1,credit_card,1,173.10
ord_0520,1,credit_card,1,1216.63
ord_0521,1,credit_card,3,1012.61
ord_0521,2,credit_card,3,1012.61
ord_0521,3,credit_card,3,1012.62
ord_0522,1,voucher,6,507.01
ord_0522,2,credit_card,6,507.01
ord_0522,3,debit_card,6,507.01
ord_0522,4,credit_card,6,507.01
ord_0522,5,credit_card,6,507.01
ord_0522,6,boleto,6,507.03
ord_0523,1,credit_card,1,177.62
ord_0524,1,credit_card,1,743.89
ord_0525,1,boleto,3,2274.51
ord_0525,2,voucher,3,2274.51
ord_0525,3,credit_card,3,2274.51
ord_0526,1,debit_card,1,1493.85
ord_0527,1,credit_card,5,54.14
ord_0527,2,credit_card,5,54.14
ord_0527,3,credit_card,5,54.14
ord_0527,4,voucher,5,54.14
ord_0527,5,credit_card,5,54.15
ord_0528,1,credit_card,1,784.48
ord_0529,1,credit_card,1,243.55
ord_0530,1,credit_card,2,843.38
ord_0530,2,boleto,2,843.39
ord_0531,1,credit_card,6,97.61
ord_0531,2,credit_card,6,97.61
ord_0531,3,voucher,6,97.61
ord_0531,4,credit_card,6,97.61
ord_0531,5,voucher,6,97.61
ord_0531,6,debit_card,6,97.63
ord_0532,1,debit_card,5,372.68
ord_0532,2,credit_card,5,372.68
ord_0532,3,voucher,5,372.68
ord_0532,4,credit_card,5,372.68
ord_0532,5,credit_card,5,372.67
ord_0533,1,credit_card,4,732.03
ord_0533,2,credit_card,4,732.03
ord_0533,3,credit_card,4,732.03
ord_0533,4,credit_card,4,732.02
ord_0534,1,boleto,1,431.44
ord_0535,1,credit_card,1,870.44
ord_0536,1,voucher,7,53.58
ord_0536,2,boleto,7,53.58
ord_0536,3,credit_card,7,53.58
ord_0536,4,debit_card,7,53.58
ord_0536,5,credit_card,7,53.58
ord_0536,6,credit_card,7,53.58
ord_0536,7,credit_card,7,53.58
ord_0537,1,credit_card,1,158.81
ord_0538,1,credit_card,1,611.94
ord_0539,1,debit_card,1,710.66
ord_0540,1,credit_card,1,436.98
ord_0541,1,credit_card,1,1539.14
ord_0542,1,credit_card,2,459.81
ord_0542,2,credit_card,2,459.81
ord_0543,1,boleto,1,880.91
ord_0544,1,credit_card,5,136.30
ord_0544,2,voucher,5,136.30
ord_0544,3,credit_card,5,136.30
ord_0544,4,credit_card,5,136.30
ord_0544,5,credit_card,5,136.29
ord_0545,1,credit_card,3,75.44
ord_0545,2,credit_card,3,75.44
ord_0545,3,debit_card,3,75.45
ord_0546,1,credit_card,7,326.18
ord_0546,2,credit_card,7,326.18
ord_0546,3,credit_card,7,326.18
ord_0546,4,credit_card,7,326.18
ord_0546,5,credit_card,7,326.18
ord_0546,6,credit_card,7,326.18
ord_0546,7,credit_card,7,326.18
ord_0547,1,credit_card,2,967.63
ord_0547,2,credit_card,2,967.63
ord_0548,1,credit_card,8,23.49
ord_0548,2,credit_card,8,23.49
ord_0548,3,voucher,8,23.49
ord_0548,4,credit_card,8,23.49
ord_0548,5,credit_card,8,23.49
ord_0548,6,credit_card,8,23.49
ord_0548,7,boleto,8,23.49
ord_0548,8,credit_card,8,23.48
ord_0549,1,credit_card,3,53.79
ord_0549,2,credit_card,3,53.79
ord_0549,3,boleto,3,53.79
ord_0550,1,credit_card,1,910.02
ord_0551,1,voucher,5,117.69
ord_0551,2,credit_card,5,117.69
ord_0551,3,credit_card,5,117.69
ord_0551,4,credit_card,5,117.69
ord_0551,5,credit_card,5,117.70
ord_0552,1,credit_card,10,1621.44
ord_0552,2,credit_card,10,1080.96
ord_0553,1,debit_card,3,79.98
ord_0553,2,voucher,3,79.98
ord_0553,3,debit_card,3,79.97
ord_0554,1,credit_card,1,281.05
ord_0555,1,credit_card,4,361.11
ord_0555,2,credit_card,4,361.11
ord_0555,3,credit_card,4,361.11
ord_0555,4,boleto,4,361.12
ord_0556,1,credit_card,1,669.93
ord_0557,1,credit_card,1,1016.44
ord_0558,1,credit_card,1,122.96
ord_0559,1,credit_card,1,970.86
ord_0560,1,credit_card,1,385.21
ord_0561,1,credit_card,2,510.42
ord_0561,2,credit_card,2,510.41
ord_0562,1,credit_card,1,278.24
ord_0564,1,voucher,3,662.30
ord_0564,2,credit_card,3,662.30
ord_0564,3,credit_card,3,662.31
ord_0565,1,credit_card,2,2155.85
ord_0565,2,credit_card,2,2155.85
ord_0566,1,credit_card,3,128.37
ord_0566,2,credit_card,3,128.37
ord_0566,3,boleto,3,128.37
ord_0567,1,debit_card,3,906.57
ord_0567,2,credit_card,3,906.57
ord_0567,3,credit_card,3,906.57
ord_0568,1,credit_card,6,13.22
ord_0568,2,credit_card,6,13.22
ord_0568,3,credit_card,6,13.22
ord_0568,4,credit_card,6,13.22
ord_0568,5,boleto,6,13.22
ord_0568,6,credit_card,6,13.19
ord_0569,1,credit_card,1,1145.99
ord_0570,1,credit_card,4,288.77
ord_0570,2,voucher,4,288.77
ord_0570,3,credit_card,4,288.77
ord_0570,4,credit_card,4,288.77
ord_0571,1,voucher,1,937.20
ord_0572,1,credit_card,10,4434.31
ord_0572,2,credit_card,10,2956.21
ord_0573,1,credit_card,1,282.96
ord_0574,1,voucher,7,92.41
ord_0574,2,boleto,7,92.41
ord_0574,3,boleto,7,92.41
ord_0574,4,credit_card,7,92.41
ord_0574,5,credit_card,7,92.41
ord_0574,6,credit_card,7,92.41
ord_0574,7,voucher,7,92.43
ord_0575,1,boleto,1,310.70
ord_0576,1,credit_card,1,142.76
ord_0577,1,credit_card,3,166.18
ord_0577,2,boleto,3,166.18
ord_0577,3,credit_card,3,166.18
ord_0578,1,credit_card,6,498.95
ord_0578,2,credit_card,6,498.95
ord_0578,3,voucher,6,498.95
ord_0578,4,boleto,6,498.95
ord_0578,5,voucher,6,498.95
ord_0578,6,credit_card,6,498.97
ord_0579,1,credit_card,1,1392.62
ord_0580,1,credit_card,1,1234.68
ord_0581,1,credit_card,6,260.21
ord_0581,2,credit_card,6,260.21
ord_0581,3,credit_card,6,260.21
ord_0581,4,credit_card,6,260.21
ord_0581,5,voucher,6,260.21
ord_0581,6,credit_card,6,260.22
ord_0582,1,credit_card,3,387.11
ord_0582,2,credit_card,3,387.11
ord_0582,3,debit_card,3,387.10
ord_0583,1,debit_card,1,348.04
ord_0584,1,credit_card,1,1955.05
ord_0585,1,credit_card,1,1455.82
ord_0586,1,debit_card,3,316.73
ord_0586,2,credit_card,3,316.73
ord_0586,3,debit_card,3,316.73
ord_0587,1,voucher,1,241.65
ord_0589,1,credit_card,2,243.00
ord_0589,2,credit_card,2,243.01
ord_0590,1,credit_card,1,394.29
ord_0592,1,debit_card,4,412.76
ord_0592,2,credit_card,4,412.76
ord_0592,3,boleto,4,412.76
ord_0592,4,credit_card,4,412.77
ord_0593,1,credit_card,1,110.25
ord_0594,1,credit_card,1,176.59
ord_0595,1,credit_card,9,2006.82
ord_0595,2,credit_card,9,1337.88
ord_0596,1,credit_card,1,240.29
ord_0597,1,voucher,1,1097.82
ord_0598,1,credit_card,2,641.22
ord_0598,2,credit_card,2,641.22
ord_0599,1,credit_card,2,2238.03
ord_0599,2,credit_card,2,2238.02
ord_0600,1,credit_card,2,817.70
ord_0600,2,credit_card,2,817.70
