customer_id,customer_unique_id,customer_zip_code_prefix,customer_city,customer_state
cust_0001,uniq_0001,5341,eindhoven,NB
cust_0002,uniq_0002,4845,middelburg,ZL
cust_0003,uniq_0003,6873,zwolle,OV
cust_0004,uniq_0004,9158,amersfoort,UT
cust_0005,uniq_0005,4404,tilburg,NB
cust_0006,uniq_0006,3280,maastricht,LI
cust_0007,uniq_0007,2906,arnhem,GE
cust_0008,uniq_0008,7285,leeuwarden,FR
cust_0009,uniq_0009,4475,zwolle,OV
cust_0010,uniq_0010,5341,eindhoven,NB
cust_0011,uniq_0011,8762,goes,ZL
cust_0012,uniq_0012,7681,drachten,FR
cust_0013,uniq_0013,2085,eindhoven,NB
cust_0014,uniq_0014,1731,nijmegen,GE
cust_0015,uniq_0015,1651,den haag,ZH
cust_0016,uniq_0016,8497,tilburg,NB
cust_0017,uniq_0017,1116,alkmaar,NH
cust_0018,uniq_0018,2696,amsterdam,NH
cust_0019,uniq_0019,2153,alkmaar,NH
cust_0020,uniq_0020,4693,almere,FL
cust_0021,uniq_0021,8764,haarlem,NH
cust_0022,uniq_0022,8532,alkmaar,NH
cust_0023,uniq_0023,9833,maastricht,LI
cust_0024,uniq_0024,7366,kampen,OV
cust_0025,uniq_0025,6908,utrecht,UT
cust_0026,uniq_0026,8613,leeuwarden,FR
cust_0027,uniq_0027,1572,leeuwarden,FR
cust_0028,uniq_0028,5635,roermond,LI
cust_0029,uniq_0029,4695,breda,NB
cust_0030,uniq_0030,5965,hoofddorp,NH
cust_0031,uniq_0031,4807,delft,ZH
cust_0032,uniq_0032,7545,arnhem,GE
cust_0033,uniq_0033,7093,den haag,ZH
cust_0034,uniq_0034,6812,zaandam,NH
cust_0035,uniq_0035,3924,amersfoort,UT
cust_0036,uniq_0036,5979,haarlem,NH
cust_0037,uniq_0037,1879,haarlem,NH
cust_0038,uniq_0038,5052,assen,DR
cust_0039,uniq_0039,9005,leiden,ZH
cust_0040,uniq_0040,3656,hoofddorp,NH
cust_0041,uniq_0041,5700,dronten,FL
cust_0042,uniq_0042,4489,emmmen,DR
cust_0043,uniq_0043,2413,arnhem,GE
cust_0044,uniq_0044,7536,haarlem,NH
cust_0045,uniq_0045,9939,zaandam,NH
cust_0046,uniq_0046,4807,delft,ZH
cust_0047,uniq_0047,1848,amersfoort,UT
cust_0048,uniq_0048,7209,heerlen,LI
cust_0049,uniq_0049,7123,den haag,ZH
cust_0050,uniq_0050,9946,nieuwegein,UT
cust_0051,uniq_0051,8632,nieuwegein,UT
cust_0052,uniq_0052,8336,utrecht,UT
cust_0053,uniq_0053,9404,arnhem,GE
cust_0054,uniq_0054,7788,drachten,FR
cust_0055,uniq_0055,8855,apeldoorn,GE
cust_0056,uniq_0056,5270,hilversum,UT
cust_0057,uniq_0057,3656,hoofddorp,NH
cust_0058,uniq_0058,9939,zaandam,NH
cust_0059,uniq_0059,8698,roermond,LI
cust_0060,uniq_0060,5922,hoofddorp,NH
cust_0061,uniq_0061,1195,haarlem,NH
cust_0062,uniq_0062,6809,leiden,ZH
cust_0063,uniq_0063,5700,dronten,FL
cust_0064,uniq_0064,9967,lelystad,FL
cust_0065,uniq_0065,5385,maastricht,LI
cust_0066,uniq_0066,5699,utrecht,UT
cust_0067,uniq_0067,5337,vlissingen,ZL
cust_0068,uniq_0068,4537,zoetermeer,ZH
cust_0069,uniq_0069,9053,leiden,ZH
cust_0070,uniq_0070,2568,zaandam,NH
cust_0071,uniq_0071,5220,nijmegen,GE
cust_0072,uniq_0072,5686,delft,ZH
cust_0073,uniq_0073,2946,almere,FL
cust_0074,uniq_0074,1556,hilversum,UT
cust_0075,uniq_0075,6668,amsterdam,NH
cust_0076,uniq_0076,5367,rotterdam,ZH
cust_0077,uniq_0077,2968,maastricht,LI
cust_0078,uniq_0078,5918,assen,DR
cust_0079,uniq_0079,7682,alkmaar,NH
cust_0080,uniq_0080,1478,emmmen,DR
cust_0081,uniq_0081,6918,tilburg,NB
cust_0082,uniq_0082,5315,middelburg,ZL
cust_0083,uniq_0083,2338,leiden,ZH
cust_0084,uniq_0084,5533,kampen,OV
cust_0085,uniq_0085,3185,hoofddorp,NH
cust_0086,uniq_0086,9945,leeuwarden,FR
cust_0087,uniq_0087,2925,zoetermeer,ZH
cust_0088,uniq_0088,8236,middelburg,ZL
cust_0089,uniq_0089,3304,hilversum,UT
cust_0090,uniq_0090,4057,middelburg,ZL
cust_0091,uniq_0091,7905,eindhoven,NB
cust_0092,uniq_0092,1651,den haag,ZH
cust_0093,uniq_0093,1754,kampen,OV
cust_0094,uniq_0094,3724,enschede,OV
cust_0095,uniq_0095,8632,nieuwegein,UT
cust_0096,uniq_0096,7682,alkmaar,NH
cust_0097,uniq_0097,3343,amersfoort,UT
cust_0098,uniq_0098,1229,rotterdam,ZH
cust_0099,uniq_0099,2994,rotterdam,ZH
cust_0100,uniq_0100,3280,maastricht,LI
cust_0101,uniq_0101,6873,zwolle,OV
cust_0102,uniq_0102,5906,apeldoorn,GE
cust_0103,uniq_0103,5814,nieuwegein,UT
cust_0104,uniq_0104,6932,goes,ZL
cust_0105,uniq_0105,6821,drachten,FR
cust_0106,uniq_0106,5533,kampen,OV
cust_0107,uniq_0107,9571,zoetermeer,ZH
cust_0108,uniq_0108,4788,delft,ZH
cust_0109,uniq_0109,3881,utrecht,UT
cust_0110,uniq_0110,6479,roermond,LI
cust_0111,uniq_0111,1303,rotterdam,ZH
cust_0112,uniq_0112,4005,zwolle,OV
cust_0113,uniq_0113,4400,groningen,GR
cust_0114,uniq_0114,6076,assen,DR
cust_0115,uniq_0115,2769,middelburg,ZL
cust_0116,uniq_0116,2468,delft,ZH
cust_0117,uniq_0117,9411,groningen,GR
cust_0118,uniq_0118,1116,alkmaar,NH
cust_0119,uniq_0119,6028,groningen,GR
cust_0120,uniq_0120,3288,dronten,FL
cust_0121,uniq_0121,2777,zwolle,OV
cust_0122,uniq_0122,6479,roermond,LI
cust_0123,uniq_0123,9626,heerlen,LI
cust_0124,uniq_0124,9053,leiden,ZH
cust_0125,uniq_0125,5644,hoofddorp,NH
cust_0126,uniq_0126,8466,middelburg,ZL
cust_0127,uniq_0127,8628,enschede,OV
cust_0128,uniq_0128,4489,emmmen,DR
cust_0129,uniq_0129,7770,heerlen,LI
cust_0130,uniq_0130,6349,groningen,GR
cust_0131,uniq_0131,3025,heerlen,LI
cust_0132,uniq_0132,1651,den haag,ZH
cust_0133,uniq_0133,7651,delft,ZH
cust_0134,uniq_0134,7681,drachten,FR
cust_0135,uniq_0135,6240,leiden,ZH
cust_0136,uniq_0136,2468,delft,ZH
cust_0137,uniq_0137,9323,hoofddorp,NH
cust_0138,uniq_0138,8881,utrecht,UT
cust_0139,uniq_0139,6065,vlissingen,ZL
cust_0140,uniq_0140,5788,zwolle,OV
cust_0141,uniq_0141,6562,kampen,OV
cust_0142,uniq_0142,9517,zoetermeer,ZH
cust_0143,uniq_0143,2185,heerlen,LI
cust_0144,uniq_0144,8596,tilburg,NB
cust_0145,uniq_0145,4062,delft,ZH
cust_0146,uniq_0146,9626,heerlen,LI
cust_0147,uniq_0147,4470,amsterdam,NH
cust_0148,uniq_0148,8028,dronten,FL
cust_0149,uniq_0149,8245,kampen,OV
cust_0150,uniq_0150,6349,groningen,GR
cust_0151,uniq_0151,1556,hilversum,UT
cust_0152,uniq_0152,9404,arnhem,GE
cust_0153,uniq_0153,4845,middelburg,ZL
cust_0154,uniq_0154,8887,zaandam,NH
cust_0155,uniq_0155,3632,heerlen,LI
cust_0156,uniq_0156,8887,zaandam,NH
cust_0157,uniq_0157,7332,lelystad,FL
cust_0158,uniq_0158,6408,haarlem,NH
cust_0159,uniq_0159,2521,rotterdam,ZH
cust_0160,uniq_0160,4247,goes,ZL
cust_0161,uniq_0161,5922,hoofddorp,NH
cust_0162,uniq_0162,3683,hoofddorp,NH
cust_0163,uniq_0163,4288,emmmen,DR
cust_0164,uniq_0164,6479,roermond,LI
cust_0165,uniq_0165,4788,delft,ZH
cust_0166,uniq_0166,4299,breda,NB
cust_0167,uniq_0167,1848,amersfoort,UT
cust_0168,uniq_0168,5753,roermond,LI
cust_0169,uniq_0169,1158,kampen,OV
cust_0170,uniq_0170,9121,hoofddorp,NH
cust_0171,uniq_0171,1161,lelystad,FL
cust_0172,uniq_0172,3724,enschede,OV
cust_0173,uniq_0173,6458,haarlem,NH
cust_0174,uniq_0174,9475,hilversum,UT
cust_0175,uniq_0175,2181,goes,ZL
cust_0176,uniq_0176,3599,arnhem,GE
cust_0177,uniq_0177,2555,assen,DR
cust_0178,uniq_0178,8299,vlissingen,ZL
cust_0179,uniq_0179,5918,assen,DR
cust_0180,uniq_0180,9571,zoetermeer,ZH
cust_0181,uniq_0181,9539,apeldoorn,GE
cust_0182,uniq_0182,8045,nijmegen,GE
cust_0183,uniq_0183,3599,arnhem,GE
cust_0184,uniq_0184,1303,rotterdam,ZH
cust_0185,uniq_0185,3304,hilversum,UT
cust_0186,uniq_0186,8596,tilburg,NB
cust_0187,uniq_0187,6006,maastricht,LI
cust_0188,uniq_0188,6408,haarlem,NH
cust_0189,uniq_0189,6821,drachten,FR
cust_0190,uniq_0190,8898,lelystad,FL
cust_0191,uniq_0191,5367,rotterdam,ZH
cust_0192,uniq_0192,7545,arnhem,GE
cust_0193,uniq_0193,7770,heerlen,LI
cust_0194,uniq_0194,7460,nieuwegein,UT
cust_0195,uniq_0195,5686,delft,ZH
cust_0196,uniq_0196,5169,apeldoorn,GE
cust_0197,uniq_0197,9802,eindhoven,NB
cust_0198,uniq_0198,7093,den haag,ZH
cust_0199,uniq_0199,1680,arnhem,GE
cust_0200,uniq_0200,6058,hilversum,UT
